Workbook
Name branches: branches!$A$1:$C$5
Name customers: customers!$A$1:$C$221
Name products: products!$A$1:$D$26

Sheet pivot_branch_revenue
A5: Row Labels | B5: Sum of revenue
A6: Naija Mart GRA | B6: 46660910
A7: Naija Mart Ikeja | B7: 93840715
A8: Naija Mart Sabon Gari | B8: 29724470
A9: Naija Mart Wuse | B9: 50407805
A10: Grand Total | B10: 220633900

Sheet branches
A1: branch_id | B1: branch_name | C1: city
A2: BR001 | B2: Naija Mart Ikeja | C2: Lagos
A3: BR002 | B3: Naija Mart Wuse | C3: Abuja
A4: BR003 | B4: Naija Mart GRA | C4: Port Harcourt
A5: BR004 | B5: Naija Mart Sabon Gari | C5: Kano

Sheet products
A1: product_id | B1: category | C1: product_name | D1: unit_price
A2: P001 | B2: Electronics | C2: Samsung 43'' Smart TV | D2: 185000
A3: P002 | B3: Electronics | C3: LG 55'' Smart TV | D3: 320000
A4: P003 | B4: Electronics | C4: Sony Bluetooth Speaker | D4: 45000
A5: P004 | B5: Electronics | C5: JBL Bluetooth Speaker | D5: 38000
A6: P005 | B6: Electronics | C6: Infinix Smartphone X5 | D6: 95000
A7: P006 | B7: Electronics | C7: Tecno Spark 10 | D7: 78000
A8: P007 | B8: Electronics | C8: Samsung Galaxy A14 | D8: 145000
A9: P008 | B9: Home Appliances | C9: LG Double Door Fridge | D9: 410000
A10: P009 | B10: Home Appliances | C10: Haier Thermocool Fridge | D10: 265000
A11: P010 | B11: Home Appliances | C11: Binatone Microwave | D11: 62000
A12: P011 | B12: Home Appliances | C12: Panasonic Microwave | D12: 74000
A13: P012 | B13: Home Appliances | C13: Standing Fan - Binatone | D13: 28000
... A26: P025 | B26: Generators & Power | C26: Solar Inverter 1KVA | D26: 175000

Sheet customers
A1: customer_id | B1: customer_name | C1: city | D1: city_clean
A2: C0001 | B2: Ibrahim Eze | C2: LAGOS | D2: =PROPER(TRIM(C2)) -> Lagos
A3: C0002 | B3: Funke Okoro | C3: Abuja | D3: =PROPER(TRIM(C3)) -> Abuja
A4: C0003 | B4: Ngozi Lawal | C4: Lagos | D4: =PROPER(TRIM(C4)) -> Lagos
A5: C0004 | B5: Amaka Okafor | C5: lagos | D5: =PROPER(TRIM(C5)) -> Lagos
A6: C0005 | B6: Funke Obi | C6: lagos | D6: =PROPER(TRIM(C6)) -> Lagos
A7: C0006 | B7: Kunle Lawal | C7: Kano | D7: =PROPER(TRIM(C7)) -> Kano
A8: C0007 | B8: Yusuf Ogunleye | C8: Port Harcourt | D8: =PROPER(TRIM(C8)) -> Port Harcourt
A9: C0008 | B9: Suleiman Nwosu | C9: kano | D9: =PROPER(TRIM(C9)) -> Kano
A10: C0009 | B10: Musa Adeyemi | C10: abuja | D10: =PROPER(TRIM(C10)) -> Abuja
A11: C0010 | B11: Ngozi Ibrahim | C11: Kano | D11: =PROPER(TRIM(C11)) -> Kano
A12: C0011 | B12: Blessing Ojo | C12: Port Harcourt | D12: =PROPER(TRIM(C12)) -> Port Harcourt
A13: C0012 | B13: Rita Uche | C13: Lagos | D13: =PROPER(TRIM(C13)) -> Lagos
... A221: C0220 | B221: Chidi Aliyu | C221: Kano | D221: =PROPER(TRIM(C221)) -> Kano
C222: Unknown | D222: =PROPER(TRIM(C222)) -> Unknown

Sheet pivot_category_revenue
A6: Row Labels | B6: Sum of revenue
A7: Electronics | B7: 77063700
A8: Generators & Power | B8: 41511750
A9: Home Appliances | B9: 97387150
A10: Small Gadgets | B10: 4671300
A11: Grand Total | B11: 220633900

Sheet pivot_avg_order_value
A7: Row Labels | B7: Average of revenue
A8: Naija Mart GRA | B8: 173460.63
A9: Naija Mart Ikeja | B9: 156924.27
A10: Naija Mart Sabon Gari | B10: 154814.95
A11: Naija Mart Wuse | B11: 144434.97
A12: Grand Total | B12: 156700.21

Sheet pivot_monthly_trend
A1: Row Labels | B1: Sum of revenue
A2: Jan-2025 | B2: 13654760
A3: Feb-2025 | B3: 18283590
A4: Mar-2025 | B4: 17622095
A5: Apr-2025 | B5: 21252425
A6: May-2025 | B6: 15819920
A7: Jun-2025 | B7: 13807625
A8: Jul-2025 | B8: 12308670
A9: Aug-2025 | B9: 16999595
A10: Sep-2025 | B10: 15086885
A11: Oct-2025 | B11: 20499015
A12: Nov-2025 | B12: 25381815
A13: Dec-2025 | B13: 29917505
A14: Grand Total | B14: 220633900

Sheet transactions
A1: transaction_id | B1: date | C1: branch_id | D1: product_id | E1: customer_id | F1: quantity | G1: discount_pct | H1: unit_price | I1: branch_name | J1: revenue | K1: category | L1: month
A2: T01320 | B2: 45972 | C2: BR003 | D2: P008 | E2: C0059 | F2: 1 | G2: 25 | H2: =VLOOKUP(D2,products!A:D,4,FALSE) -> 410000 | I2: =VLOOKUP(C2,branches!A:B,2,FALSE) -> Naija Mart GRA | J2: =F2*H2*(1-G2/100) -> 307500 | K2: =VLOOKUP(D2,products!A:D,2,FALSE) -> Home Appliances | L2: =TEXT(B2,"mmm-yyyy") -> Nov-2025
A3: T00314 | B3: 45692 | C3: BR002 | D3: P017 | E3: C0133 | F3: 1 | G3: 0 | H3: =VLOOKUP(D3,products!A:D,4,FALSE) -> 24000 | I3: =VLOOKUP(C3,branches!A:B,2,FALSE) -> Naija Mart Wuse | J3: =F3*H3*(1-G3/100) -> 24000 | K3: =VLOOKUP(D3,products!A:D,2,FALSE) -> Home Appliances | L3: =TEXT(B3,"mmm-yyyy") -> Feb-2025
A4: T00242 | B4: 45983 | C4: BR001 | D4: P013 | E4: C0040 | F4: 2 | G4: 0 | H4: =VLOOKUP(D4,products!A:D,4,FALSE) -> 22000 | I4: =VLOOKUP(C4,branches!A:B,2,FALSE) -> Naija Mart Ikeja | J4: =F4*H4*(1-G4/100) -> 44000 | K4: =VLOOKUP(D4,products!A:D,2,FALSE) -> Home Appliances | L4: =TEXT(B4,"mmm-yyyy") -> Nov-2025
A5: T00362 | B5: 45927 | C5: BR002 | D5: P004 | E5: C0078 | F5: 1 | G5: 0 | H5: =VLOOKUP(D5,products!A:D,4,FALSE) -> 38000 | I5: =VLOOKUP(C5,branches!A:B,2,FALSE) -> Naija Mart Wuse | J5: =F5*H5*(1-G5/100) -> 38000 | K5: =VLOOKUP(D5,products!A:D,2,FALSE) -> Electronics | L5: =TEXT(B5,"mmm-yyyy") -> Sep-2025
A6: T01236 | B6: 45781 | C6: BR001 | D6: P016 | E6: C0024 | F6: 2 | G6: 0 | H6: =VLOOKUP(D6,products!A:D,4,FALSE) -> 19500 | I6: =VLOOKUP(C6,branches!A:B,2,FALSE) -> Naija Mart Ikeja | J6: =F6*H6*(1-G6/100) -> 39000 | K6: =VLOOKUP(D6,products!A:D,2,FALSE) -> Home Appliances | L6: =TEXT(B6,"mmm-yyyy") -> May-2025
A7: T01198 | B7: 45693 | C7: BR002 | D7: P007 | E7: C0200 | F7: 1 | G7: 0 | H7: =VLOOKUP(D7,products!A:D,4,FALSE) -> 145000 | I7: =VLOOKUP(C7,branches!A:B,2,FALSE) -> Naija Mart Wuse | J7: =F7*H7*(1-G7/100) -> 145000 | K7: =VLOOKUP(D7,products!A:D,2,FALSE) -> Electronics | L7: =TEXT(B7,"mmm-yyyy") -> Feb-2025
A8: T00147 | B8: 45802 | C8: BR002 | D8: P007 | E8: C0171 | F8: 2 | G8: 0 | H8: =VLOOKUP(D8,products!A:D,4,FALSE) -> 145000 | I8: =VLOOKUP(C8,branches!A:B,2,FALSE) -> Naija Mart Wuse | J8: =F8*H8*(1-G8/100) -> 290000 | K8: =VLOOKUP(D8,products!A:D,2,FALSE) -> Electronics | L8: =TEXT(B8,"mmm-yyyy") -> May-2025
A9: T00180 | B9: 46004 | C9: BR003 | D9: P007 | E9: C0143 | F9: 2 | G9: 10 | H9: =VLOOKUP(D9,products!A:D,4,FALSE) -> 145000 | I9: =VLOOKUP(C9,branches!A:B,2,FALSE) -> Naija Mart GRA | J9: =F9*H9*(1-G9/100) -> 261000 | K9: =VLOOKUP(D9,products!A:D,2,FALSE) -> Electronics | L9: =TEXT(B9,"mmm-yyyy") -> Dec-2025
A10: T00112 | B10: 45759 | C10: BR003 | D10: P024 | E10: C0080 | F10: 2 | G10: 0 | H10: =VLOOKUP(D10,products!A:D,4,FALSE) -> 245000 | I10: =VLOOKUP(C10,branches!A:B,2,FALSE) -> Naija Mart GRA | J10: =F10*H10*(1-G10/100) -> 490000 | K10: =VLOOKUP(D10,products!A:D,2,FALSE) -> Generators & Power | L10: =TEXT(B10,"mmm-yyyy") -> Apr-2025
A11: T01260 | B11: 45916 | C11: BR004 | D11: P020 | E11: C0085 | F11: 2 | G11: 10 | H11: =VLOOKUP(D11,products!A:D,4,FALSE) -> 8500 | I11: =VLOOKUP(C11,branches!A:B,2,FALSE) -> Naija Mart Sabon Gari | J11: =F11*H11*(1-G11/100) -> 15300 | K11: =VLOOKUP(D11,products!A:D,2,FALSE) -> Small Gadgets | L11: =TEXT(B11,"mmm-yyyy") -> Sep-2025
A12: T00934 | B12: 45881 | C12: BR002 | D12: P023 | E12: C0013 | F12: 1 | G12: 25 | H12: =VLOOKUP(D12,products!A:D,4,FALSE) -> 195000 | I12: =VLOOKUP(C12,branches!A:B,2,FALSE) -> Naija Mart Wuse | J12: =F12*H12*(1-G12/100) -> 146250 | K12: =VLOOKUP(D12,products!A:D,2,FALSE) -> Generators & Power | L12: =TEXT(B12,"mmm-yyyy") -> Aug-2025
A13: T01309 | B13: 46002 | C13: BR001 | D13: P011 | E13: C0007 | F13: 1 | G13: 5 | H13: =VLOOKUP(D13,products!A:D,4,FALSE) -> 74000 | I13: =VLOOKUP(C13,branches!A:B,2,FALSE) -> Naija Mart Ikeja | J13: =F13*H13*(1-G13/100) -> 70300 | K13: =VLOOKUP(D13,products!A:D,2,FALSE) -> Home Appliances | L13: =TEXT(B13,"mmm-yyyy") -> Dec-2025
... A1409: T00176 | B1409: 45985 | C1409: BR003 | D1409: P006 | E1409: C0070 | F1409: 1 | G1409: 0 | H1409: =VLOOKUP(D1409,products!A:D,4,FALSE) -> 78000 | I1409: =VLOOKUP(C1409,branches!A:B,2,FALSE) -> Naija Mart GRA | J1409: =F1409*H1409*(1-G1409/100) -> 78000 | K1409: =VLOOKUP(D1409,products!A:D,2,FALSE) -> Electronics | L1409: =TEXT(B1409,"mmm-yyyy") -> Nov-2025
